81412|VIP호텔|목포시 미항로 6
81410|ZARA 무인호텔|목포시 평화로61번길 8
81419|달꾸메게스트하우스|목포시 마인계터로38번길 13
81411|목포 유토피아 가족호텔|목포시 평화로 65-9
81413|목포무인호텔|목포시 비파로108번길 14
81421|백년한옥 게스트하우스|목포시 북교길 31
81428|보보스호텔|목포시 하당남부로51번길 3
81649|샹그리아 비치호텔|목포시 평화로 79
81404|신안비치호텔|목포시 해안로 2
81430|콘티넨탈호텔|목포시 북항로 149
81407|폰타나비치 관광호텔|목포시 평화로 69
84731|호텔 에디션스 목포|목포시 평화로 75
81423|게스트하우스예술촌|목포시 달성길 31-1
84142|근대골목|목포시 영산로 24-5
81420|달빛언덕 게스트하우스|목포시 영산로 57-1
81442|루벤스모텔|목포시 평화로61번길 4
83075|목포 가족관광호텔|목포시 호남로64번길 28
81405|부영모텔|목포시 삼향천로 63
81615|빙그레모텔|목포시 삼향천로 59
81416|에프원호텔|목포시 수강로12번길 29
81688|요술램프 게스트하우스|목포시 해양대학로 243-3
81471|째즈호텔|목포시 하당남부로61번길 29
81406|파레스모텔|목포시 옥암로54번길 41-1
81418|호텔베니스|목포시 북항로149번길 8
81454|1번지 무인호텔|목포시 하당남부로 48
81565|KT모텔|목포시 삼학로16번길 1
81456|S모텔|목포시 하당남부로 54
81477|WA모텔|목포시 상리로 8
83334|가봄 호텔|목포시 번영로 16
81417|샤르망호텔|목포시 신흥로59번길 5
81483|용꿈모텔|목포시 영산로 517-1
81425|윈저 호텔|목포시 통일대로 16
81439|첫눈에반한집|목포시 달성길 60
81452|퀸모텔|목포시 평화로83번길 3
81458|파라오 모텔|목포시 통일대로 60
81427|프라도호텔|목포시 번영로 24
84125|건맥스테이|목포시 해안로237번길 10-1
81478|고려모텔|목포시 해안로 165
81586|국제파크모텔|목포시 삼학로18번길 13
81431|굿모닝|목포시 해안로249번길 13
81619|글로리모텔|목포시 비파로116번길 3
81646|금탑모텔|목포시 하당남부로61번길 3
81666|금호비치모텔|목포시 수강로12번길 34
81479|꿈의궁전|목포시 상리로 6
81627|낙원모텔|목포시 영산로 517-2
81386|남도파크|목포시 백년대로231번길 17
81679|노르웨이 게스트하우스|목포시 호남로64번길 12
81642|노블리스|목포시 비파로124번길 6
81397|뉴-LA모텔|목포시 영산로 517-3
81625|뉴에덴모텔|목포시 장미로 101
81429|뉴에버그린호텔|목포시 하당남부로 59
81628|뉴오아시스|목포시 번영로 29
81398|뉴원앙장모텔|목포시 영산로 515-2
81661|대산하이텔|목포시 상동로 6
81440|더 하루호텔|목포시 평화로73번길 3
81576|동명장모텔|목포시 삼학로18번길 21-1
81598|동아모텔|목포시 하당로 246
81529|두바이모텔|목포시 용샘길 24
81692|등대 게스트하우스|목포시 노적봉길 6
81441|렉시호텔|목포시 원형동로 44
81426|로얄호텔|목포시 통일대로 12
81391|루쏘모텔|목포시 장미로 107
81432|리젠트모텔|목포시 북항로 163
81638|마로마|목포시 번영로 26
81433|마카오모탤|목포시 죽교천로 126
81616|만호장모텔|목포시 수강로12번길 22
81655|메이저모텔|목포시 비파로124번길 16-2
81488|명품 무인호텔|목포시 하당남부로51번길 14
81443|목포무인텔|목포시 원형로 26
81690|목포올레 게스트하우스|목포시 열린길 18
81566|목포하루호텔|목포시 용당로216번길 30
81674|문무인텔|목포시 허사로 11
81434|미루모텔|목포시 평화로83번길 3-1
81653|미소모텔|목포시 옥암로124번길 3
81545|반도장 모텔|목포시 영산로329번길 5
81489|발렌타인호텔|목포시 번영로 30
81682|백운장모텔|목포시 돌산길 27-1
81636|보보스 모텔|목포시 하당남부로51번길 3
81579|부림모텔|목포시 삼학로18번길 15
81400|블루힐모텔|목포시 원형동로 44
81604|비너스|목포시 삼향천로 57
81393|비자림오피스텔민박|목포시 해안로 174-1
81465|비즈니스|목포시 하당남부로 52-1
81629|비즈니스모텔|목포시 하당남부로 52-1
81466|빅토리아모텔|목포시 하당남부로61번길 22
81447|샤모텔|목포시 미항로 14
81657|샬롬빌|목포시 마파지로 58
81436|선샤인호텔|목포시 평화로73번길 4
81687|설레임 게스트하우스|목포시 달성길27번길 5
81449|세느강|목포시 평화로 77
81467|소렌토|목포시 하당남부로 63
81422|수다방게스트하우스|목포시 마인계터로40번길 1
81612|스위트|목포시 해양대학로251번길 4-2
81680|스카이모텔|목포시 신흥로59번길 15
81468|스타모텔|목포시 번영로 28
81469|신도심모텔|목포시 하당남부로 52
81408|신원모텔|목포시 하당로30번길 16
81437|싼체스|목포시 죽교천로 109
81414|썸무인호텔|목포시 허사로 13
81470|씨사이드호텔|목포시 해안로163번길 4
81602|아리랑모텔|목포시 비파로 125
81415|아미가호텔|목포시 번영로 9
81480|아비숑모텔|목포시 비파로108번길 7
81633|에로스모텔|목포시 영산로 499
81617|엠유(MU)모텔|목포시 옥암로54번길 41
81453|영빈관 호텔|목포시 통일대로 102
81424|오래뜰 게스트하우스|목포시 북교길 27
81481|오렌지모텔|목포시 비파로108번길 5-1
81639|오아시스 모텔|목포시 중화길18번길 24-1
81482|오페라모텔|목포시 비파로116번길 6
81446|워싱턴모텔|목포시 평화로83번길 3-2
81484|워커힐비치|목포시 비파로124번길 11
81485|웰모텔|목포시 비파로116번길 6-2
81455|자라무인텔|목포시 평화로61번길 8
81589|잠자리모텔|목포시 북항로166번길 23-1
81693|저팬하우스|목포시 유동로 51
81503|제일모텔|목포시 수강로12번길 24-1
81689|좋은집 게스트하우스|목포시 마인계터로40번길 2-15
81457|지중해|목포시 평화로 65-6
81451|천궁모텔|목포시 삼학로18번길 6
81678|청춘 게스트하우스|목포시 달성길 39
81611|청학동 모텔|목포시 해양대학로251번길 4-1
81613|초이스모텔|목포시 삼향천로 59-1
81450|축복모텔|목포시 죽교천로122번길 1
81634|카이저|목포시 하당남부로51번길 27
81472|카이져|목포시 하당남부로51번길 27
81664|퀸스텔|목포시 상동로 8
81663|크로스모텔|목포시 산정로152번길 37-2
81606|크리스탈|목포시 옥암로46번길 37-1
81550|크리스탈모텔|목포시 산정로152번길 7-1
81665|티무인호텔|목포시 해안로249번길 26
81672|포유무인텔|목포시 번영로 113
81637|프라도|목포시 번영로 24
81610|프린스|목포시 해양대학로251번길 4
81621|피카다리모텔|목포시 용당로196번길 7
81691|피카소 게스트하우스|목포시 호남로64번길 23
81462|필모텔|목포시 평화로83번길 5-2
81683|하얀풍차 게스트하우스|목포시 유달로 126
81608|하이아트|목포시 옥암로54번길 38
81635|하이텔|목포시 북항로 161
84150|해마루|목포시 불종대길9번길 6-4
81474|해비치모텔|목포시 하당남부로61번길 20
81622|해양모텔|목포시 통일대로 11-1
81476|해운모텔|목포시 수강로4번길 3
81459|호텔 티파니에서아침을|목포시 평화로140번길 24
81402|호텔얌|목포시 옥암로54번길 41-1
81463|호텔위드|목포시 원형동로 50-1
81461|호텔카라|목포시 북항로 141
81475|황궁모텔|목포시 동부로5번길 7
81460|힐사이드|목포시 미항로 12
81464|힐탑모텔|목포시 원형동로 46
